,,,
,Main menu item,"Top Level Parent Category (current cat lp)",Sub Category page
,Home,,
,Custom Apparel,,
,,Printing Options,
,,,Direct to Film (DTF)
,,,Dye-Sublimation
,,,Screen Printing
,,,Embroidery
,,,Rhinestone
,,,Digital Vinyl
,,,
,,Specialty Materials,
,,,Glitter
,,,Puff
,,,Glow in the Dark
,,,Flock
,,,Brick
,,,Holographic
,,,Foil
,,,Reflective
,,,
,,Group Shirts,
,,,Family Reunion
,,,Spirit Wear
,,,Corporate Wear
,,,
,Select a Sign,,
,,Business Signs,
,,,Banners
,,,Window Signs
,,,Wall Signs
,,,Floor Signs
,,,Door Signs
,,,Posters
,,,
,,Ground Signs,
,,,Yard Signs
,,,A-Frame/Sidewalk Signs
,,,Parking Signs
,,,
,,Table Signs,
,,,Table Cloths
,,,Table Runners
,,,
,Vehicle Decals,,
,,Vehicle Graphic Options,
,,,Automobile Graphics
,,,Vehicle Magnets
,,,DOT Decals
,,,
,Stickers,,
,,Standard,
,,Custom Shaped,
,,,
,,,
,Promotional Items,,
 ,,Promo Products,
,,,Mugs
,,,Can Koozies
,,,Towels
,,,Drink Coasters
,,,Drawstring/Tote Bags
,,,Mouse Pads
,,,
,Top 5% Merchandise,,
,,,
,,,
,Design Services,,
,,Logo Design,
,,Layout/Graphic Design,
,,,
,About Us,,
,,About Us,
,,Company,
,,Portfolio,
,,Resources,
